{
  "project_info": {
    "project_number": "1049565687261",
    "project_id": "wsbapp3",
    "storage_bucket": "wsbapp3.appspot.com"
  },
  "client": [
    {
      "client_info": {
        "mobilesdk_app_id": "1:1049565687261:android:1d5657e4df1ba773f51a34",
        "android_client_info": {
          "package_name": "com.example.wsbapp3"
        }
      },
      "oauth_client": [],
      "api_key": [
        {
          "current_key": "AIzaSyD_YkNYlqc9bOIZWTJH0QwfWL2_F0nbb3Y"
        }
      ],
      "services": {
        "appinvite_service": {
          "other_platform_oauth_client": []
        }
      }
    }
  ],
  "configuration_version": "1"
}